{"farPlane": 15040.978913897377, "nearPlane": 1.5041012558954283, "eyePosition": [88.78007329127554, -3962.839583931765, 1053.7289089612873], "targetPosition": [-0.6856689453125, -101.28033638000488, 781.0872383117676], "upVector": [0.01618130970237977, 0.07079252170033049, 0.9973598067335732], "viewAngle": 0.6981317007977257}